<?xml version="1.0" encoding="UTF-8"?><?xml-stylesheet type='text/xsl' href='_UpgradeReport_Files/UpgradeReport.xslt'?><UpgradeLog>
<Properties><Property Name="Solution" Value="Sniffer">
</Property><Property Name="Solution File" Value="C:\Solution\usb hid\Sniffer.sln">
</Property><Property Name="Date" Value="Thursday, 23 April 2009">
</Property><Property Name="Time" Value="20:44 PM">
</Property></Properties><Event ErrorLevel="0" Project="UsbLibrary" Source="UsbLibrary\UsbLibrary.csproj" Description="Project converted successfully">
</Event><Event ErrorLevel="3" Project="UsbLibrary" Source="UsbLibrary\UsbLibrary.csproj" Description="Converted">
</Event><Event ErrorLevel="0" Project="UsbApp" Source="UsbApp\UsbApp.csproj" Description="Project converted successfully">
</Event><Event ErrorLevel="3" Project="UsbApp" Source="UsbApp\UsbApp.csproj" Description="Converted">
</Event><Event ErrorLevel="0" Project="" Source="Sniffer.sln" Description="Solution converted successfully">
</Event><Event ErrorLevel="3" Project="" Source="Sniffer.sln" Description="Converted">
</Event><Event ErrorLevel="0" Project="UsbLibrary" Source="UsbLibrary\UsbLibrary.csproj" Description="Scan complete: Upgrade not required for project files.">
</Event><Event ErrorLevel="0" Project="UsbApp" Source="UsbApp\UsbApp.csproj" Description="Scan complete: Upgrade not required for project files.">
</Event></UpgradeLog>